<xml>
	<job name="BOOKS">
		<pathroot>C:TEST\</pathroot>
		<data>
			<type>ACCESS</type>
			<provider>Microsoft.Jet.OLEDB.4.0</provider>
			<connect1>User ID=Admin;Persist Security Info=False;Data Source=</connect1>
			<filename>books2000.mdb</filename>
		</data>
		<extracts>
			<extract>
				<table>XMLSourceQuery</table>
				<destfile>books_ado.xml</destfile>
			</extract>
		</extracts>
		<processing>
			<transform>
				<srcfile>books_ado.xml</srcfile>
				<xsltfile>index.xsl</xsltfile>
				<destfile>index.xml</destfile>
			</transform>
		</processing>
	</job>
</xml>