<xml>
	<job name="XLS">
		<pathroot>C:\TEST\</pathroot>
		<data>
			<type>EXCEL</type>
			<provider>MSDASQL.1</provider>
			<connect1>Persist Security Info=False;Extended Properties="DSN=Excel Files;DBQ=</connect1>
			<filename>input\data.xls</filename>
			<connect2>;DefaultDir=c:;DriverId=790;MaxBufferSize=2048;PageTimeout=5;"</connect2>
		</data>
		<extracts>
			<extract>
				<table>sheetname1</table>
				<destfile>input\sheet1_ado.xml</destfile>
			</extract>
			<extract>
				<table>sheetname2</table>
				<destfile>input\sheet2_ado.xml</destfile>
			</extract>
		</extracts>
		<processing>
			<transform>
				<srcfile>input\sheet1_ado.xml</srcfile>
				<xsltfile>input\xslt\sheet1a.xslt</xsltfile>
				<destfile>output\output1_a.xml</destfile>
			</transform>
			<transform>
				<srcfile>input\sheet1_ado.xml</srcfile>
				<xsltfile>input\xslt\sheet1b.xslt</xsltfile>
				<destfile>output\output1_b.xml</destfile>
				<params>
					<param name="an-xslt-param-name">1</param>
				</params>
			</transform>
			<transform>
				<srcfile>input\sheet2_ado.xml</srcfile>
				<xsltfile>input\xslt\sheet2.xslt</xsltfile>
				<destfile>output\output2.xml</destfile>
			</transform>
		</processing>
	</job>
</xml>