<xml>
	<job name="MS Oracle Test">
		<pathroot>C:\test\</pathroot>
		<data>
			<type>ORACLE</type>
			<provider>MSDAORA.1</provider>
			<connect1>User ID=USER;Password=PASS;Data Source=TNSNAME</connect1>
		</data>
		<extracts>
			<extract>
				<table>TBL_NAME</table>
				<destfile>msoracle_ado.xml</destfile>
			</extract>
		</extracts>
	</job>
	<job name="Oracle Test">
		<pathroot>C:\test\</pathroot>
		<data>
			<type>ORACLE</type>
			<provider>OraOLEDB.Oracle</provider>
			<connect1>PLSQLRSet=1;User ID=USER;Password=PASS;Data Source=TNSNAME</connect1>
		</data>
		<extracts>
			<extract>
				<command>select FIELD from TBL_NAME</command>
				<destfile>oracle_ado.xml</destfile>
			</extract>
		</extracts>
	</job>
</xml>